{
"X":[0,0,0,0,0,0,0,0,0,0,0,0,0,0,0,0],
"Y":[0,0,0,0,0,0,0,0,0,0,0,0,0,0,0,0],
"Z":[0,0.1798405,0.3821767,0.5953304,0.7978994,0.9882689,1.171075,1.371331,1.581939,1.768437,1.967595,2.17442,2.383922,2.579704,2.764116,2.965902]
}