{
"X":[0,0,0,0,0,0,0,0,0,0,0,0,0,0,0,0,0,0,0,0,0,0,0,0,0,0,0,0,0,0,0,0,0,0,0,0,0,0,0,0,0,0,0,0,0,0,0,0,0,0,0,0],
"Y":[0,0,0,0,0,0,0,0,0,0,0,0,0,0,0,0,0,0,0,0,0,0,0,0,0,0,0,0,0,0,0,0,0,0,0,0,0,0,0,0,0,0,0,0,0,0,0,0,0,0,0,0],
"Z":[-3.17E-06,0.00096528,0.2929968,0.5850284,0.8770598,1.169091,1.461123,1.632597,1.683515,1.734432,1.785349,1.836267,1.887184,1.938101,1.954292,1.959065,1.956913,1.952327,1.9498,1.9498,1.9498,1.9498,1.9498,1.9498,1.9498,1.9498,1.9498,1.9498,1.9498,1.9498,1.9498,1.9498,1.9498,1.9498,1.9498,1.9498,1.9498,1.9498,1.9498,1.9498,1.9498,1.9498,1.9498,1.9498,1.9498,1.9498,1.9498,1.9498,1.9498,1.9498,1.9498,1.9498]
}