{
"X":[0,0,0,0,0,0,0,0,0,0,0,0,0,0,0,0,0,0,0,0,0,0,0,0,0,0,0,0,0,0,0,0,0,0,0,0,0,0,0,0,0,0,0,0,0,0,0,0,0,0,0,0,0,0,0,0,0,0,0,0,0,0,0,0,0,0,0,0,0,0],
"Y":[0,0,0,0,0,0,0,0,0,0,0,0,0,0,0,0,0,0,0,0,0,0,0,0,0,0,0,0,0,0,0,0,0,0,0,0,0,0,0,0,0,0,0,0,0,0,0,0,0,0,0,0,0,0,0,0,0,0,0,0,0,0,0,0,0,0,0,0,0,0],
"Z":[0,0,0,0,0,0,0,-0.0923793,-0.4760925,-0.8725781,-1.25274,-1.362074,-1.442235,-1.502874,-1.562954,-1.623306,-1.681831,-1.736425,-1.784987,-1.825416,-1.85561,-1.873469,-1.878856,-1.882266,-1.885572,-1.888773,-1.891863,-1.894838,-1.897695,-1.900429,-1.903037,-1.905514,-1.907856,-1.910059,-1.91212,-1.914033,-1.915796,-1.917403,-1.918852,-1.920137,-1.921255,-1.922202,-1.922974,-1.923566,-1.923975,-1.924197,-1.907593,-1.839988,-1.741591,-1.630361,-1.547805,-1.497218,-1.471389,-1.4507,-1.434122,-1.420626,-1.409183,-1.398764,-1.38834,-1.376883,-1.363363,-1.346752,-1.32602,-1.302167,-1.277402,-1.252509,-1.228273,-1.205479,-1.184911,-1.167355]
}